<?xml version="1.0" encoding="UTF-8" ?>
<XMLDB PATH="mod/questionnaire/db" VERSION="20170404" COMMENT="XMLDB file for Moodle mod/questionnaire"
    xmlns:xsi="http://www.w3.org/2001/XMLSchema-instance"
    xsi:noNamespaceSchemaLocation="../../../lib/xmldb/xmldb.xsd"
>
  <TABLES>
    <TABLE NAME="questionnaire" COMMENT="Main questionnaire table.">
      <FIELDS>
        <FIELD NAME="id" TYPE="int" LENGTH="10" NOTNULL="true" SEQUENCE="true"/>
        <FIELD NAME="course" TYPE="int" LENGTH="11" NOTNULL="true" DEFAULT="0" SEQUENCE="false" COMMENT="Id of course"/>
        <FIELD NAME="name" TYPE="char" LENGTH="255" NOTNULL="true" SEQUENCE="false" COMMENT="Name for questionnaire."/>
        <FIELD NAME="intro" TYPE="text" NOTNULL="true" SEQUENCE="false" COMMENT="Description text."/>
        <FIELD NAME="introformat" TYPE="int" LENGTH="4" NOTNULL="true" DEFAULT="0" SEQUENCE="false" COMMENT="text format of intro field"/>
        <FIELD NAME="qtype" TYPE="int" LENGTH="10" NOTNULL="true" DEFAULT="0" SEQUENCE="false" COMMENT="Questionnaire type code."/>
        <FIELD NAME="respondenttype" TYPE="char" LENGTH="9" NOTNULL="true" DEFAULT="fullname" SEQUENCE="false" COMMENT="Eligible respondents"/>
        <FIELD NAME="resp_eligible" TYPE="char" LENGTH="8" NOTNULL="true" DEFAULT="all" SEQUENCE="false" COMMENT="Eligible respondents."/>
        <FIELD NAME="resp_view" TYPE="int" LENGTH="2" NOTNULL="true" DEFAULT="0" SEQUENCE="false" COMMENT="Questionnaire viewed?"/>
        <FIELD NAME="notifications" TYPE="int" LENGTH="1" NOTNULL="true" DEFAULT="0" SEQUENCE="false" COMMENT="Send submission notifications."/>
        <FIELD NAME="opendate" TYPE="int" LENGTH="10" NOTNULL="true" DEFAULT="0" SEQUENCE="false" COMMENT="Timestamp to open access"/>
        <FIELD NAME="closedate" TYPE="int" LENGTH="10" NOTNULL="true" DEFAULT="0" SEQUENCE="false" COMMENT="Timestamp to close access on"/>
        <FIELD NAME="resume" TYPE="int" LENGTH="2" NOTNULL="true" DEFAULT="0" SEQUENCE="false" COMMENT="Questionnaire can be saved and resumed."/>
        <FIELD NAME="navigate" TYPE="int" LENGTH="2" NOTNULL="true" DEFAULT="0" SEQUENCE="false" COMMENT="Questionnaire can have page branching."/>
        <FIELD NAME="grade" TYPE="int" LENGTH="10" NOTNULL="true" DEFAULT="0" SEQUENCE="false" COMMENT="Assign a grade to be received on submission."/>
        <FIELD NAME="sid" TYPE="int" LENGTH="11" NOTNULL="true" DEFAULT="0" SEQUENCE="false" COMMENT="The id entry in the questionnaire_survey field."/>
        <FIELD NAME="timemodified" TYPE="int" LENGTH="10" NOTNULL="true" DEFAULT="0" SEQUENCE="false" COMMENT="The timestamp record last modified."/>
        <FIELD NAME="completionsubmit" TYPE="int" LENGTH="1" NOTNULL="true" DEFAULT="0" SEQUENCE="false" COMMENT="Questionnaire marked as 'complete' when submitted."/>
        <FIELD NAME="autonum" TYPE="int" LENGTH="1" NOTNULL="true" DEFAULT="3" SEQUENCE="false" COMMENT="option for auto numbering questions and pages (both selected by default)"/>
      </FIELDS>
      <KEYS>
        <KEY NAME="primary" TYPE="primary" FIELDS="id"/>
        <KEY NAME="sid" TYPE="foreign" FIELDS="sid" REFTABLE="questionnaire_survey" REFFIELDS="id"/>
      </KEYS>
    </TABLE>
    <TABLE NAME="questionnaire_survey" COMMENT="questionnaire_survey table retrofitted from MySQL">
      <FIELDS>
        <FIELD NAME="id" TYPE="int" LENGTH="10" NOTNULL="true" SEQUENCE="true"/>
        <FIELD NAME="name" TYPE="char" LENGTH="255" NOTNULL="true" SEQUENCE="false"/>
        <FIELD NAME="courseid" TYPE="int" LENGTH="10" NOTNULL="false" SEQUENCE="false"/>
        <FIELD NAME="realm" TYPE="char" LENGTH="64" NOTNULL="true" SEQUENCE="false"/>
        <FIELD NAME="status" TYPE="int" LENGTH="10" NOTNULL="true" DEFAULT="0" SEQUENCE="false"/>
        <FIELD NAME="title" TYPE="char" LENGTH="255" NOTNULL="true" SEQUENCE="false"/>
        <FIELD NAME="email" TYPE="char" LENGTH="255" NOTNULL="false" SEQUENCE="false"/>
        <FIELD NAME="subtitle" TYPE="text" NOTNULL="false" SEQUENCE="false"/>
        <FIELD NAME="info" TYPE="text" NOTNULL="false" SEQUENCE="false"/>
        <FIELD NAME="theme" TYPE="char" LENGTH="64" NOTNULL="false" SEQUENCE="false"/>
        <FIELD NAME="thanks_page" TYPE="char" LENGTH="255" NOTNULL="false" SEQUENCE="false"/>
        <FIELD NAME="thank_head" TYPE="char" LENGTH="255" NOTNULL="false" SEQUENCE="false"/>
        <FIELD NAME="thank_body" TYPE="text" NOTNULL="false" SEQUENCE="false"/>
        <FIELD NAME="feedbacksections" TYPE="int" LENGTH="2" NOTNULL="false" DEFAULT="0" SEQUENCE="false"/>
        <FIELD NAME="feedbacknotes" TYPE="text" NOTNULL="false" SEQUENCE="false"/>
        <FIELD NAME="feedbackscores" TYPE="int" LENGTH="1" NOTNULL="false" DEFAULT="0" SEQUENCE="false"/>
        <FIELD NAME="chart_type" TYPE="char" LENGTH="64" NOTNULL="false" SEQUENCE="false"/>
      </FIELDS>
      <KEYS>
        <KEY NAME="primary" TYPE="primary" FIELDS="id"/>
      </KEYS>
      <INDEXES>
        <INDEX NAME="name" UNIQUE="false" FIELDS="name"/>
        <INDEX NAME="courseid" UNIQUE="false" FIELDS="courseid"/>
      </INDEXES>
    </TABLE>
    <TABLE NAME="questionnaire_attempts" COMMENT="questionnaire_attempts table retrofitted from MySQL">
      <FIELDS>
        <FIELD NAME="id" TYPE="int" LENGTH="11" NOTNULL="true" SEQUENCE="true"/>
        <FIELD NAME="qid" TYPE="int" LENGTH="11" NOTNULL="true" DEFAULT="0" SEQUENCE="false"/>
        <FIELD NAME="userid" TYPE="int" LENGTH="11" NOTNULL="true" DEFAULT="0" SEQUENCE="false"/>
        <FIELD NAME="rid" TYPE="int" LENGTH="10" NOTNULL="true" DEFAULT="0" SEQUENCE="false"/>
        <FIELD NAME="timemodified" TYPE="int" LENGTH="10" NOTNULL="true" DEFAULT="0" SEQUENCE="false"/>
      </FIELDS>
      <KEYS>
        <KEY NAME="primary" TYPE="primary" FIELDS="id"/>
      </KEYS>
    </TABLE>
    <TABLE NAME="questionnaire_question" COMMENT="questionnaire_question table retrofitted from MySQL">
      <FIELDS>
        <FIELD NAME="id" TYPE="int" LENGTH="10" NOTNULL="true" SEQUENCE="true"/>
        <FIELD NAME="survey_id" TYPE="int" LENGTH="10" NOTNULL="true" DEFAULT="0" SEQUENCE="false"/>
        <FIELD NAME="name" TYPE="char" LENGTH="30" NOTNULL="false" SEQUENCE="false"/>
        <FIELD NAME="type_id" TYPE="int" LENGTH="10" NOTNULL="true" DEFAULT="0" SEQUENCE="false"/>
        <FIELD NAME="result_id" TYPE="int" LENGTH="10" NOTNULL="false" SEQUENCE="false"/>
        <FIELD NAME="length" TYPE="int" LENGTH="11" NOTNULL="true" DEFAULT="0" SEQUENCE="false"/>
        <FIELD NAME="precise" TYPE="int" LENGTH="11" NOTNULL="true" DEFAULT="0" SEQUENCE="false"/>
        <FIELD NAME="position" TYPE="int" LENGTH="10" NOTNULL="true" DEFAULT="0" SEQUENCE="false"/>
        <FIELD NAME="content" TYPE="text" NOTNULL="true" SEQUENCE="false"/>
        <FIELD NAME="required" TYPE="char" LENGTH="1" NOTNULL="true" DEFAULT="n" SEQUENCE="false"/>
        <FIELD NAME="deleted" TYPE="char" LENGTH="1" NOTNULL="true" DEFAULT="n" SEQUENCE="false"/>
        <FIELD NAME="dependquestion" TYPE="int" LENGTH="10" NOTNULL="true" DEFAULT="0" SEQUENCE="false"/>
        <FIELD NAME="dependchoice" TYPE="int" LENGTH="10" NOTNULL="true" DEFAULT="0" SEQUENCE="false"/>
      </FIELDS>
      <KEYS>
        <KEY NAME="primary" TYPE="primary" FIELDS="id"/>
      </KEYS>
    </TABLE>
    <TABLE NAME="questionnaire_quest_choice" COMMENT="questionnaire_quest_choice table retrofitted from MySQL">
      <FIELDS>
        <FIELD NAME="id" TYPE="int" LENGTH="10" NOTNULL="true" SEQUENCE="true"/>
        <FIELD NAME="question_id" TYPE="int" LENGTH="10" NOTNULL="true" DEFAULT="0" SEQUENCE="false"/>
        <FIELD NAME="content" TYPE="text" NOTNULL="true" SEQUENCE="false"/>
        <FIELD NAME="value" TYPE="text" NOTNULL="false" SEQUENCE="false"/>
      </FIELDS>
      <KEYS>
        <KEY NAME="primary" TYPE="primary" FIELDS="id"/>
      </KEYS>
      <INDEXES>
        <INDEX NAME="quest_choice_quesidx" UNIQUE="false" FIELDS="question_id" COMMENT="Index to reduce DB load on querying table by question_id"/>
      </INDEXES>
    </TABLE>
    <TABLE NAME="questionnaire_question_type" COMMENT="questionnaire_question_type table retrofitted from MySQL">
      <FIELDS>
        <FIELD NAME="id" TYPE="int" LENGTH="10" NOTNULL="true" SEQUENCE="true"/>
        <FIELD NAME="typeid" TYPE="int" LENGTH="10" NOTNULL="true" DEFAULT="0" SEQUENCE="false" COMMENT="The code for the type."/>
        <FIELD NAME="type" TYPE="char" LENGTH="32" NOTNULL="true" SEQUENCE="false"/>
        <FIELD NAME="has_choices" TYPE="char" LENGTH="1" NOTNULL="true" DEFAULT="y" SEQUENCE="false"/>
        <FIELD NAME="response_table" TYPE="char" LENGTH="32" NOTNULL="false" SEQUENCE="false"/>
      </FIELDS>
      <KEYS>
        <KEY NAME="primary" TYPE="primary" FIELDS="id"/>
        <KEY NAME="typeid" TYPE="unique" FIELDS="typeid"/>
      </KEYS>
    </TABLE>
    <TABLE NAME="questionnaire_response" COMMENT="questionnaire_response table retrofitted from MySQL">
      <FIELDS>
        <FIELD NAME="id" TYPE="int" LENGTH="10" NOTNULL="true" SEQUENCE="true"/>
        <FIELD NAME="survey_id" TYPE="int" LENGTH="10" NOTNULL="true" DEFAULT="0" SEQUENCE="false"/>
        <FIELD NAME="submitted" TYPE="int" LENGTH="10" NOTNULL="true" DEFAULT="0" SEQUENCE="false"/>
        <FIELD NAME="complete" TYPE="char" LENGTH="1" NOTNULL="true" DEFAULT="n" SEQUENCE="false"/>
        <FIELD NAME="grade" TYPE="int" LENGTH="10" NOTNULL="true" DEFAULT="0" SEQUENCE="false" COMMENT="Grade awarded"/>
        <FIELD NAME="userid" TYPE="int" LENGTH="10" NOTNULL="false" SEQUENCE="false"/>
      </FIELDS>
      <KEYS>
        <KEY NAME="primary" TYPE="primary" FIELDS="id"/>
      </KEYS>
    </TABLE>
    <TABLE NAME="questionnaire_response_bool" COMMENT="questionnaire_response_bool table retrofitted from MySQL">
      <FIELDS>
        <FIELD NAME="id" TYPE="int" LENGTH="11" NOTNULL="true" SEQUENCE="true"/>
        <FIELD NAME="response_id" TYPE="int" LENGTH="10" NOTNULL="true" DEFAULT="0" SEQUENCE="false"/>
        <FIELD NAME="question_id" TYPE="int" LENGTH="10" NOTNULL="true" DEFAULT="0" SEQUENCE="false"/>
        <FIELD NAME="choice_id" TYPE="char" LENGTH="1" NOTNULL="true" DEFAULT="y" SEQUENCE="false"/>
      </FIELDS>
      <KEYS>
        <KEY NAME="primary" TYPE="primary" FIELDS="id"/>
      </KEYS>
      <INDEXES>
        <INDEX NAME="response_question" UNIQUE="false" FIELDS="response_id, question_id"/>
      </INDEXES>
    </TABLE>
    <TABLE NAME="questionnaire_response_date" COMMENT="questionnaire_response_date table retrofitted from MySQL">
      <FIELDS>
        <FIELD NAME="id" TYPE="int" LENGTH="11" NOTNULL="true" SEQUENCE="true"/>
        <FIELD NAME="response_id" TYPE="int" LENGTH="10" NOTNULL="true" DEFAULT="0" SEQUENCE="false"/>
        <FIELD NAME="question_id" TYPE="int" LENGTH="10" NOTNULL="true" DEFAULT="0" SEQUENCE="false"/>
        <FIELD NAME="response" TYPE="text" NOTNULL="false" SEQUENCE="false"/>
      </FIELDS>
      <KEYS>
        <KEY NAME="primary" TYPE="primary" FIELDS="id"/>
      </KEYS>
      <INDEXES>
        <INDEX NAME="response_question" UNIQUE="false" FIELDS="response_id, question_id"/>
      </INDEXES>
    </TABLE>
    <TABLE NAME="questionnaire_resp_multiple" COMMENT="questionnaire_resp_multiple table retrofitted from MySQL">
      <FIELDS>
        <FIELD NAME="id" TYPE="int" LENGTH="10" NOTNULL="true" SEQUENCE="true"/>
        <FIELD NAME="response_id" TYPE="int" LENGTH="10" NOTNULL="true" DEFAULT="0" SEQUENCE="false"/>
        <FIELD NAME="question_id" TYPE="int" LENGTH="10" NOTNULL="true" DEFAULT="0" SEQUENCE="false"/>
        <FIELD NAME="choice_id" TYPE="int" LENGTH="10" NOTNULL="true" DEFAULT="0" SEQUENCE="false"/>
      </FIELDS>
      <KEYS>
        <KEY NAME="primary" TYPE="primary" FIELDS="id"/>
      </KEYS>
      <INDEXES>
        <INDEX NAME="response_question" UNIQUE="false" FIELDS="response_id, question_id, choice_id"/>
      </INDEXES>
    </TABLE>
    <TABLE NAME="questionnaire_response_other" COMMENT="questionnaire_response_other table retrofitted from MySQL">
      <FIELDS>
        <FIELD NAME="id" TYPE="int" LENGTH="11" NOTNULL="true" SEQUENCE="true"/>
        <FIELD NAME="response_id" TYPE="int" LENGTH="10" NOTNULL="true" DEFAULT="0" SEQUENCE="false"/>
        <FIELD NAME="question_id" TYPE="int" LENGTH="10" NOTNULL="true" DEFAULT="0" SEQUENCE="false"/>
        <FIELD NAME="choice_id" TYPE="int" LENGTH="10" NOTNULL="true" DEFAULT="0" SEQUENCE="false"/>
        <FIELD NAME="response" TYPE="text" NOTNULL="false" SEQUENCE="false"/>
      </FIELDS>
      <KEYS>
        <KEY NAME="primary" TYPE="primary" FIELDS="id"/>
      </KEYS>
      <INDEXES>
        <INDEX NAME="response_question" UNIQUE="false" FIELDS="response_id, question_id, choice_id"/>
      </INDEXES>
    </TABLE>
    <TABLE NAME="questionnaire_response_rank" COMMENT="questionnaire_response_rank table retrofitted from MySQL">
      <FIELDS>
        <FIELD NAME="id" TYPE="int" LENGTH="11" NOTNULL="true" SEQUENCE="true"/>
        <FIELD NAME="response_id" TYPE="int" LENGTH="10" NOTNULL="true" DEFAULT="0" SEQUENCE="false"/>
        <FIELD NAME="question_id" TYPE="int" LENGTH="10" NOTNULL="true" DEFAULT="0" SEQUENCE="false"/>
        <FIELD NAME="choice_id" TYPE="int" LENGTH="10" NOTNULL="true" DEFAULT="0" SEQUENCE="false"/>
        <FIELD NAME="rank" TYPE="int" LENGTH="11" NOTNULL="true" DEFAULT="0" SEQUENCE="false"/>
      </FIELDS>
      <KEYS>
        <KEY NAME="primary" TYPE="primary" FIELDS="id"/>
      </KEYS>
      <INDEXES>
        <INDEX NAME="response_question" UNIQUE="false" FIELDS="response_id, question_id, choice_id"/>
      </INDEXES>
    </TABLE>
    <TABLE NAME="questionnaire_resp_single" COMMENT="questionnaire_resp_single table retrofitted from MySQL">
      <FIELDS>
        <FIELD NAME="id" TYPE="int" LENGTH="11" NOTNULL="true" SEQUENCE="true"/>
        <FIELD NAME="response_id" TYPE="int" LENGTH="10" NOTNULL="true" DEFAULT="0" SEQUENCE="false"/>
        <FIELD NAME="question_id" TYPE="int" LENGTH="10" NOTNULL="true" DEFAULT="0" SEQUENCE="false"/>
        <FIELD NAME="choice_id" TYPE="int" LENGTH="10" NOTNULL="true" DEFAULT="0" SEQUENCE="false"/>
      </FIELDS>
      <KEYS>
        <KEY NAME="primary" TYPE="primary" FIELDS="id"/>
      </KEYS>
      <INDEXES>
        <INDEX NAME="response_question" UNIQUE="false" FIELDS="response_id, question_id"/>
      </INDEXES>
    </TABLE>
    <TABLE NAME="questionnaire_response_text" COMMENT="questionnaire_response_text table retrofitted from MySQL">
      <FIELDS>
        <FIELD NAME="id" TYPE="int" LENGTH="11" NOTNULL="true" SEQUENCE="true"/>
        <FIELD NAME="response_id" TYPE="int" LENGTH="10" NOTNULL="true" DEFAULT="0" SEQUENCE="false"/>
        <FIELD NAME="question_id" TYPE="int" LENGTH="10" NOTNULL="true" DEFAULT="0" SEQUENCE="false"/>
        <FIELD NAME="response" TYPE="text" NOTNULL="false" SEQUENCE="false"/>
      </FIELDS>
      <KEYS>
        <KEY NAME="primary" TYPE="primary" FIELDS="id"/>
      </KEYS>
      <INDEXES>
        <INDEX NAME="response_question" UNIQUE="false" FIELDS="response_id, question_id"/>
      </INDEXES>
    </TABLE>
    <TABLE NAME="questionnaire_fb_sections" COMMENT="questionnaire_fb_sections table retrofitted from MySQL">
      <FIELDS>
        <FIELD NAME="id" TYPE="int" LENGTH="18" NOTNULL="true" SEQUENCE="true"/>
        <FIELD NAME="survey_id" TYPE="int" LENGTH="18" NOTNULL="true" DEFAULT="0" SEQUENCE="false"/>
        <FIELD NAME="section" TYPE="int" LENGTH="2" NOTNULL="false" SEQUENCE="false"/>
        <FIELD NAME="scorecalculation" TYPE="text" NOTNULL="false" SEQUENCE="false"/>
        <FIELD NAME="sectionlabel" TYPE="char" LENGTH="50" NOTNULL="false" SEQUENCE="false"/>
        <FIELD NAME="sectionheading" TYPE="text" NOTNULL="false" SEQUENCE="false"/>
        <FIELD NAME="sectionheadingformat" TYPE="int" LENGTH="2" NOTNULL="false" DEFAULT="1" SEQUENCE="false"/>
      </FIELDS>
      <KEYS>
        <KEY NAME="primary" TYPE="primary" FIELDS="id"/>
      </KEYS>
    </TABLE>
    <TABLE NAME="questionnaire_feedback" COMMENT="questionnaire_feedback table retrofitted from MySQL">
      <FIELDS>
        <FIELD NAME="id" TYPE="int" LENGTH="18" NOTNULL="true" SEQUENCE="true"/>
        <FIELD NAME="section_id" TYPE="int" LENGTH="18" NOTNULL="true" DEFAULT="0" SEQUENCE="false"/>
        <FIELD NAME="feedbacklabel" TYPE="char" LENGTH="50" NOTNULL="false" SEQUENCE="false"/>
        <FIELD NAME="feedbacktext" TYPE="text" NOTNULL="false" SEQUENCE="false"/>
        <FIELD NAME="feedbacktextformat" TYPE="int" LENGTH="2" NOTNULL="false" DEFAULT="1" SEQUENCE="false"/>
        <FIELD NAME="minscore" TYPE="number" LENGTH="10" NOTNULL="false" DEFAULT="0.00000" SEQUENCE="false" DECIMALS="5"/>
        <FIELD NAME="maxscore" TYPE="number" LENGTH="10" NOTNULL="false" DEFAULT="101.00000" SEQUENCE="false" DECIMALS="5"/>
      </FIELDS>
      <KEYS>
        <KEY NAME="primary" TYPE="primary" FIELDS="id"/>
      </KEYS>
    </TABLE>
    <TABLE NAME="questionnaire_dependency" COMMENT="Holds the combined dependencies per question to navigate in the test">
      <FIELDS>
        <FIELD NAME="id" TYPE="int" LENGTH="10" NOTNULL="true" SEQUENCE="true"/>
        <FIELD NAME="questionid" TYPE="int" LENGTH="10" NOTNULL="true" DEFAULT="0" SEQUENCE="false" COMMENT="ID of question with dependency."/>
        <FIELD NAME="surveyid" TYPE="int" LENGTH="10" NOTNULL="true" SEQUENCE="false" COMMENT="ID of survey question contained in."/>
        <FIELD NAME="dependquestionid" TYPE="int" LENGTH="10" NOTNULL="true" DEFAULT="0" SEQUENCE="false" COMMENT="ID of question dependent on."/>
        <FIELD NAME="dependchoiceid" TYPE="int" LENGTH="10" NOTNULL="true" DEFAULT="0" SEQUENCE="false" COMMENT="ID of question choice dependent on."/>
        <FIELD NAME="dependlogic" TYPE="int" LENGTH="2" NOTNULL="true" DEFAULT="0" SEQUENCE="false"/>
        <FIELD NAME="dependandor" TYPE="char" LENGTH="4" NOTNULL="true" SEQUENCE="false" COMMENT="Mandatory or obligatory dependency"/>
      </FIELDS>
      <KEYS>
        <KEY NAME="primary" TYPE="primary" FIELDS="id"/>
      </KEYS>
      <INDEXES>
        <INDEX NAME="quest_dependency_quesidx" UNIQUE="false" FIELDS="questionid"/>
      </INDEXES>
    </TABLE>
  </TABLES>
</XMLDB>